AmFds 2010 TrgtDtRtrmt R6,5 % ,https://isc.nwservicecenter.com/iApp/isc/app/pens/viewProspectus.action?cusip=02630T282
AmFds 2015 TrgtDtRtrmt R6,5 % ,https://isc.nwservicecenter.com/iApp/isc/app/pens/viewProspectus.action?cusip=02630T290
AmFds 2020 TrgtDtRtrmt R6,5 % ,https://isc.nwservicecenter.com/iApp/isc/app/pens/viewProspectus.action?cusip=02630T316
AmFds 2025 TrgtDtRtrmt R6,5 % ,https://isc.nwservicecenter.com/iApp/isc/app/pens/viewProspectus.action?cusip=02630T324
AmFds 2030 TrgtDtRtrmt R6,5 % ,https://isc.nwservicecenter.com/iApp/isc/app/pens/viewProspectus.action?cusip=02630T332
AmFds 2035 TrgtDtRtrmt R6,5 % ,https://isc.nwservicecenter.com/iApp/isc/app/pens/viewProspectus.action?cusip=02630T340
AmFds 2040 TrgtDtRtrmt R6,5 % ,https://isc.nwservicecenter.com/iApp/isc/app/pens/viewProspectus.action?cusip=02630T357
AmFds 2045 TrgtDtRtrmt R6,5 % ,https://isc.nwservicecenter.com/iApp/isc/app/pens/viewProspectus.action?cusip=02630T365
AmFds 2050 TrgtDtRtrmt R6,5 % ,https://isc.nwservicecenter.com/iApp/isc/app/pens/viewProspectus.action?cusip=02630T373
AmFds 2055 TrgtDtRtrmt R6,5 % ,https://isc.nwservicecenter.com/iApp/isc/app/pens/viewProspectus.action?cusip=02630T217
AmFds Gr Fd Am R6,%,https://isc.nwservicecenter.com/iApp/isc/app/pens/viewProspectus.action?cusip=399874817
AmFds New Wld R6,%,https://isc.nwservicecenter.com/iApp/isc/app/pens/viewProspectus.action?cusip=649280815
AmFds Wshngtn Mut Inv R6,5 % ,https://isc.nwservicecenter.com/iApp/isc/app/pens/viewProspectus.action?cusip=939330817
Baron RealEst Inst,5 % ,https://isc.nwservicecenter.com/iApp/isc/app/pens/viewProspectus.action?cusip=06828M801
Buf SmCap,%,https://isc.nwservicecenter.com/iApp/isc/app/pens/viewProspectus.action?cusip=119804102
Col Sel LgCap Gr R5,%,https://isc.nwservicecenter.com/iApp/isc/app/pens/viewProspectus.action?cusip=19766M667
DFA Intmd Govt FxdInc Inst,5 % ,https://isc.nwservicecenter.com/iApp/isc/app/pens/viewProspectus.action?cusip=233203876
DFA US Trgt Val Inst,%,https://isc.nwservicecenter.com/iApp/isc/app/pens/viewProspectus.action?cusip=233203595
DodgeCox Intl Stk,%,https://isc.nwservicecenter.com/iApp/isc/app/pens/viewProspectus.action?cusip=256206103
Drey Bd Mkt Indx I,5 % ,https://isc.nwservicecenter.com/iApp/isc/app/pens/viewProspectus.action?cusip=261978878
FidAdv Levr Co Stk I,%,https://isc.nwservicecenter.com/iApp/isc/app/pens/viewProspectus.action?cusip=315805374
Fnkln SmCap Gr Adv,%,https://isc.nwservicecenter.com/iApp/isc/app/pens/viewProspectus.action?cusip=354713653
GdmnScs SmMDCap Gr Inst,%,https://isc.nwservicecenter.com/iApp/isc/app/pens/viewProspectus.action?cusip=38143H746
MFS Intl Val R4,%,https://isc.nwservicecenter.com/iApp/isc/app/pens/viewProspectus.action?cusip=552746646
MSIF MdCap Gr I,%,https://isc.nwservicecenter.com/iApp/isc/app/pens/viewProspectus.action?cusip=617440508
MetWest Ttl Rtn Bd I,5 % ,https://isc.nwservicecenter.com/iApp/isc/app/pens/viewProspectus.action?cusip=592905509
NW FXD SEL OPTN,%<td class="numeric"></tr>
NW Inv Dest Aggr Inst,5 % ,https://isc.nwservicecenter.com/iApp/isc/app/pens/viewProspectus.action?cusip=63867T817
NW Inv Dest Cnsrv Inst,%,https://isc.nwservicecenter.com/iApp/isc/app/pens/viewProspectus.action?cusip=63867T742
NW Inv Dest Mod Aggr Inst,5 % ,https://isc.nwservicecenter.com/iApp/isc/app/pens/viewProspectus.action?cusip=63867T619
NW Inv Dest Mod Cnsrv Inst,%,https://isc.nwservicecenter.com/iApp/isc/app/pens/viewProspectus.action?cusip=63867T544
NW Inv Dest Mod Inst,%,https://isc.nwservicecenter.com/iApp/isc/app/pens/viewProspectus.action?cusip=63867T676
Opp Intl Gr Y,%,https://isc.nwservicecenter.com/iApp/isc/app/pens/viewProspectus.action?cusip=68380L407
Opp Intl SmMd Co Y,%,https://isc.nwservicecenter.com/iApp/isc/app/pens/viewProspectus.action?cusip=68380U506
PIMCO Forgn BdUSDlrHdgInst,5 % ,https://isc.nwservicecenter.com/iApp/isc/app/pens/viewProspectus.action?cusip=693390882
Vngrd 500 Index Fd AS,%,https://isc.nwservicecenter.com/iApp/isc/app/pens/viewProspectus.action?cusip=922908710
Vngrd Bal Indx Adml,5 % ,https://isc.nwservicecenter.com/iApp/isc/app/pens/viewProspectus.action?cusip=921931200
Vngrd Extnd Mkt Indx Adml,%,https://isc.nwservicecenter.com/iApp/isc/app/pens/viewProspectus.action?cusip=922908694
Vngrd Sm Cap Indx Fd AS,%,https://isc.nwservicecenter.com/iApp/isc/app/pens/viewProspectus.action?cusip=922908686
Vngrd Ttl Bnd Mkt ldx Adm,5 % ,https://isc.nwservicecenter.com/iApp/isc/app/pens/viewProspectus.action?cusip=921937603
Vngrd Ttl IntlStkIndx Adml,%,https://isc.nwservicecenter.com/iApp/isc/app/pens/viewProspectus.action?cusip=921909818
Vngrd Ttl StMkt Indx Fd AS,%,https://isc.nwservicecenter.com/iApp/isc/app/pens/viewProspectus.action?cusip=922908728
WF Spec MdCap Val Inst,%,https://isc.nwservicecenter.com/iApp/isc/app/pens/viewProspectus.action?cusip=949915482
WR Ivy Hi Inc I,%,https://isc.nwservicecenter.com/iApp/isc/app/pens/viewProspectus.action?cusip=466000122
